{"file_hashes":[{"block_hashes":["6H5xEDKIdyDUe01HW0R1GA/bSMMtlRhUzG5oQcwRS0A="],"block_size":4096,"path":"app.tmp"},{"block_hashes":["AmP5dvzVBtIXqY1z9zLH2Vs696f6i2ixlbp3VvKNVwQ=","CCB6wXX5hCO6WBcZmVUoPHgjE1LhsKPdCAOrKXjryQo=","yiXpDx3vVofK7+kmSlyH3TGfH1we0TfIxCTt41iiN2k=","9NPoYTim5EwiqdTFML9iuG1eEqW1grx1oz9QGUETw7Y=","c0P5fDcTr90dTL2kM4JlbXGXZbPnvZ/95hp7iL5pHNk=","dK/mVznWidxSofAGakrP8MZh56Dr9Why1/3wD55R9ic=","fKdaCLmH9LJIjbspB7dF0cbcTEg12N3zktFATFoOx7I=","awigSnmHbOuijyWnPsfiKOE0FhZuL9gwTg4c/PN2OPg=","U/0Rw97AP4nAOwPtt/jaDGv9WL5qrAbLdO22DXU362c=","Ik1BMJtUUM0/ZbEjrQopdQMD5cdn/uIA/8UG6owl4wo=","MUSm8QFzGpHBIRR8knx+T/ZddkP2RQQ3/ctfvPWSFVY=","ZO3GotytIb+5pWhyb+M/1M40kPnQAxDze6RoUcTLElU=","iEjtaQeDCV+xAjwO91EpOjKCF4kxlz9DHEqsOM5mBfM="],"block_size":4096,"path":"background.js"},{"block_hashes":["q9kFQO/KxHOIzBrxNHwH9l9MXcil6Pwgg34imFj8HJg="],"block_size":4096,"path":"blocking/block.html"},{"block_hashes":["w2ScKudcHI8mBlPfGnxuTreYEoKAE5NLZJ+mqQE2hnM="],"block_size":4096,"path":"blocking/block.js"},{"block_hashes":["CgxF7ABQKaWW79JmjSIB8YsQbAHXkcLI8OEc/+Alb0Y=","bRp8j4L4RDzWdCqkkgumMmBAekc7c64jWnkCDvfAU9c="],"block_size":4096,"path":"blocking/blocked.png"},{"block_hashes":["Nr5K80bgLJpQTm9QKaBGGRqGjIVUAr9sl+AOb1nZKcY=","AbMb8xs7VEd11riY4TTq1bZ0o5/n+YtS0F4DbysWANc=","UBGMXMyAUi5XgOAtJhVKLSJlVsAJ2djHukgKOFHiwp4=","oNuoqEaNzbecYcEn1xIvUw3QrIgYCRoUnOXouoJ1TUw="],"block_size":4096,"path":"blocking/blocked@2x.png"},{"block_hashes":["g/8vZ4d4SbzewWRvvoyREW9nps1Z5cvpomH6l0WbcjU=","0/YqSuQCECJZVvhu0wIdlNQKQgdREDh/cXWrtIwUdGA="],"block_size":4096,"path":"blocking/exclamation.png"},{"block_hashes":["TKriiJ7vTsuDqKsGpuPUOb6SCvxUi4+0IGkstyGJ3n4=","dFme5W8M9BAtOjhQBOb2TKun57XmASXlLGkNIEUtmfY=","5tyByo2dxIoYsfRsIU2mHyC0EVN8qOREIr3BGjNMKEU="],"block_size":4096,"path":"blocking/exclamation@2x.png"},{"block_hashes":["vPn0AfMtWIgkco9PbsmW7WzrHu5ZkpDnWLvM33lp2So=","vhiyJvg10eq16pZ7F5PIXmbUG0P4pPtVUd+6w6DII/4=","gDf73VeYKI7fp8kvApqe7PWa6wxFarYivkbn+va5JVQ="],"block_size":4096,"path":"blocking/logomask.png"},{"block_hashes":["Dk6GN0f8crplMcJ4vWUYFkU/QWEH3sCqsmh4VOswr6k=","yLx3JM8WPGsDvGTkz6OMC9MMCb1UtA2HQQz+nPYbuqs="],"block_size":4096,"path":"blocking/logomaskgray.png"},{"block_hashes":["xwh0ZQhuHaNIh9qC3UCdN38vglRofElz01wNyaa2Nck=","TNNn2+Ge/vjZ5covgz771UTMFwIdWi9A9hCsX03MhkU=","Z/BSw7HMnGEG83txWcCgl50j+VKJFX17mrT3RydYbYE="],"block_size":4096,"path":"blocking/screenlock.css"},{"block_hashes":["K+ZCpNRg/xtlpfJ/PWaRx/i8s9dg4tDawSpdJhHvdFY="],"block_size":4096,"path":"blocking/screenlock.html"},{"block_hashes":["I3U075fO9yYwLDjBHrIJ3zoaWrZMXdxb7QCB8Rpibr4=","GlTQzcmlqoPckxDcSNcAU9PV47uCEr3TFv4FDRo7mnk="],"block_size":4096,"path":"commandActions.tmp"},{"block_hashes":["UvRhdEr0FgP0WYVBHvYQsoc2AAYffqejNyayMQCEWag=","ckhpIVyhhQrcOnD2MlD4CBx9i7VLIg/WDGL8mNZEIR8=","0yRuCV4Ny6tVsKIw79a5Y/hLf0hwxT2B4BhdmGtOnW8=","+5t1VmaCGetQq3E8KvEvtAemyrALal02NKlVuE3UDhw="],"block_size":4096,"path":"commandActionsExtension.tmp"},{"block_hashes":["6Cf77nthAWs28+iaT1Xe1ztdeMpx/uaCBBlzZUSL9DE=","FlCSNGoOUGYkpDHXmxOyIA9VtWwC7hxW1/nlrFsMTEM=","Gpm5BwBjs/Zr6Vn8cq6yE9gm9b6mtTc/U7pM4nyTEHA="],"block_size":4096,"path":"commands.tmp"},{"block_hashes":["47DEQpj8HBSa+/TImW+5JCeuQeRkm5NMpJWZG3hSuFU="],"block_size":4096,"path":"conference.tmp"},{"block_hashes":["GLZDe19HHKpmqPmCG6qnPdmBm0xgrJ3rW0ZLwtIGDzI="],"block_size":4096,"path":"conference/call.html"},{"block_hashes":["x3M2zLTICnsIuh6M6ivht/ZaQuy5828kIceIZ50Wk90="],"block_size":4096,"path":"conference/call.js"},{"block_hashes":["qSpOeZBwor40Wb8bBvb4peulA/z4L8thV0RMVVqxHS4="],"block_size":4096,"path":"conference/debugWebRtc.js"},{"block_hashes":["vJwNiTM5eQQkR/QonLsuSwwAU6SJullx0HjR0SnfpsA=","Cjm8PhcIWr9vWu032G1DaGZidtqHVIybT6O7tlijh3Y=","XTdzx2KHzssdHOvsmvPW5Y/b2YcvrqCz0yEBbjb00Nw=","0CoOCjj2JKfhOYLK6QYwiL4XoXBP46+aYpVWYLvlYSU=","HZ2+4Oyu0P85FYvEdvgSf5GHNU3XSoXFfcI+44lARLk=","rmg5N/ijPi3dQv4VEVv6miuDW0LGezwBqQiXT0eh//I=","OWNkbClGe0Baxm76+u2ERzfTyIC6Etv5dQsdigSIVc4=","xn4tlpM0m1eCDpkwO7BErZSGkbDoRc8DfCuDZBhvTF0=","PmZEakQE6R2rMdZsoDxQ5iXeFT7set86mjr4PseNF6s=","OH0ujAqi50VSd5bE1YGq8Jl72sFfAxJIIyOK1qs+GMo=","7a0EFpE/fPAtFpgx7BBIecMSiZD4u4NItu2SHjzzZFg=","0cOFO15Q7VNVcXActCjvsDKqY/FH3oUlyOYAUTYZOO8=","SKVs1FAE2DBjYXErA5rBtLcBQpRs9NgwDajbCb99oGI=","R6f2w+hVdFy1tulKlkOvLydPoN2Cnnag4lXRYJlp15c=","ddqFVLaNw8u7fotzDMYai2lA6Jhap1SFkHYjPuvpNhI=","bpET7NhkodCzQZpYnOzwXmR9JA09JDvc1tE7IpX16AA=","nPTgnp2GFAlmtlVI07R7rc7+nygWxHqr8WSO608J2bg=","dhU5IpRegwQ22ZBoEpYcWl+Ph8k1MyzZN4sVQ7trczQ=","8lOGIbibW6gEOZMdUU42Dt6g34lX+VfGb2zLLu63UrY=","NYyKRQcJA6J5Uel4qrQBDjCJNVBd2lJlnRCDy2Ximcs=","qlTU8rIa33X9Dr0boyuZxkMi3MD9HWI9HZjjLIhGJ50=","w1IVwr+EXp598RL6m+OgSDBeMFqQwOKo2bZjeFpCrk0=","ngmFcvTFjjeJWzByPUc54z5g2xQhLLn+iaDpEspYkTA=","oFb+Um1bXDQ7JVlyXfteUPSW1TtrGCr6ZcwHGts9XhA=","w17rUkqF+eGvCo7tQtQJCM92eKCIjneD4A0X/2gl97M=","PjAKsPRRQqnR+aiCo9H5KfKawtdGK+LHrZGVhIhutHc=","gvpRo7WvCnndYd5V7+wBH8U0MJw0zlNd6Y8yVbd0r9Q=","9FvGrenbr1hXyqQwWgRXkCryqzBA3kP/1KAeOB7axpM=","a12SPIVD4RU75sHbTXhfHleFtBxawavrzRp2hL4sWeU=","UDHa0ikxHeCzxNXrfTpYKfkucT7AyVr1Oa8xApwpCDk=","o/wJ+7krwyRlGEiYv+KyiQeUOri76Dol0haMNzsY8s4=","G0+HpcxakOvWpNQaxFt5s6FTEcT7Z7M06kbyBFr3Rtc=","1HEYz03xl0VsmifVy5yDM/OBRdSrjyPqVzG0t1suivE=","VJtauH2PIAyfCbI97t4T/rZVLYVZ+bJUGEKoHlCAEwo=","4tDv8iNEmY7RiChgLoRqUhln1XFh3lnGRaPwXKkF/bc=","SopO7X4KpUviBybGMEuS4RpanwhASwuqKibdTfpY9Rg=","eR4LS+b5UIVyDmK+HCdVAvyx5Lf4UVUoJ3pe5w6UrvA=","AZeI7cWsKUlwNXEp7Y76c/A8hi+x6gF+GeRwHeE4OFE=","9ZcSJClSW72etD9hJ0Rlq4LOsfwhDs+o7UEmbctbqs4=","qYrrPJYxvSSZjhCG96ktW2qEM/1RlODd2yFOes3VF9Y=","d/NVeEmpOHVH8lVsK1mOvrFpV4zecywidtLa6gcrNJ0=","ZA3Z2Q48hDO/FneGG9u1HL6ZE7Ba8LrJIF+DbsKGJPU=","DOfkm8kcIkmkPie1bjdc7fgAYkRsWuhrlIFJhHpFpv8=","5xm2fvvCRpg1ypP/XhlbmK3dSpC3fI3REjM2x057tmY=","dKx6iFn/NvvloVQtHZz1WdTzqievyh0tUiWoiOKbhU0=","p2q0owvZWwM5ewqt2ku/xghFfchxCAetbZg5uFiMaRM=","8U9x3x4I1zGOrkcpgwHTew0jeJ7lrOr5uXUeJYEJlsQ=","YS1kcy7ZMlu/KJgQe2rBPaiWkLoDuAOylaxFuGls6o0=","hktpB9nk1ee8VvpZAYCJQnA9UE4sVnSm9dDRAimRAbc=","B0R3kqmsfUzGWaGUTIR9xXKF2b80sFOAFlrJ+REu2mE=","pfQQUSmI+YYh6oxD6igckSaHK+rvVUY8oVit0f6OhlE=","cJWSzVgtJfMDh5hxfULBy8nuQ472xrGDCGnRBFoo5Hg=","5/u7T0Di/E1m8AsMqESAzdeeQEjT4fwj0OPTVgSOrHQ=","TGKVCqlc05VNX7nw/YTbY/QOAS7nWvBduY38btL3gds=","xd7+39Dw6rqONkTZ1vPjw+gLHlcLH2qu7kVZ/oSapTA=","5RWL8cyoQF6mnSqRFwcISvONQR4J+0KoeXFTwr33TRM=","MlOSjdmabX1Jh+6jbDIQUjjzCxRCM6YTx2dRxl9sdK0=","P7z6YyH2J2XEL+ZTY6zzycCtMLWobos68wL3dkaI3i4=","TRpx4Vn9CDdkI3Xmtmop5JpqNCn/MSy33AUI5yh4tEc=","jAV7aHam9NXJTrAvqi+/tM0CWYVEjtJlEOokmdZovtc=","d/6/7FTKrlEUkbegaaw+BDwX8yf1II+1VnvyFKCy394=","8wEL2qvFHCWsN4aRU+99FUYXX2zbCdbd9Ya31VuBNuM=","XZpBgCgrDudLIt1jSJWhrEdT3IL0LPvlU+JIPEoDRI0=","mBXzUAF3QHRYsot5WjWy8/VwAx3oQkytkNSS/mkKuoc=","mTXb8x0H+ETlj/9FMrG89p0uXD9mazMM+B4xfn7d+AY=","3WENf5lHw/2khwyWTUG6bsqq6B0d/UdWiepua7r3riI=","PZhO8Rf3jVjmSR2peM36juuHQe6+xe6e9OXijs85j1Y=","M/+Ss+Txy/COBOGirk4XpCZmGY10h4EDxLEPr025gZI=","BzMW53x+4WR1SEsnZ4dgwR2LFTqlUT1fwltf8s0qABA=","rjxXElG+j/Zc+kZWVq8WCTpBqEby5RVS8BRBrpZSbFc=","Q/LHectaWQgSVboHdZS1E6QymLuV39PgTXteY/H49p8=","lRNdSSr81zvvyxVBRRaSk+BRa2dPrtw3zspqUbOSKE4=","Z8CNc3pdIbSAJBenw8GiXAEo3HYdVmAKEVrWe0uDpps=","NzBLvMxWXusjMNq9Bk7TkM9DunSy1YtXBFh3252tLMw=","KX/xr1rHqnGazvLEAKy80r90mS7319lji577tOUpIBs=","2MlxntePWvWLlZDiS5huqIi199VTx3airDcYNnyc9CQ=","6xXV1yJ0QflanmLFCyW59RhKrn6VslCU+3X6Jc198zs=","jTEFsf3yBAmsa6pn5vdPSILKQ7qgZCQiROrTwAqauEE=","9a8CFRN1BMnRZO5VZoLtAqoR+evge89/fe6VnTQaqV0=","tbaw6WX4c13bOIvqrtue9MzzniHhdso0h5Am/LWcDdY=","K10SXF6Y1QNJ5ay3G6D+3fQ+8JsxFqX7fUIgS3z/lFw=","DN37SAJMAt4Z5K6NmP02KKmkHLA9c5ghJOxnSuwXUjU=","e/+rQjiR+RSaf6fRN6TDpm1Ov8MbdkNctIdSacdrIc4=","IEN0LA173aUqZdLhV0Y5Ul+6+ekpzeEJRPAhqWmxSXs=","+orlELWMA9TRKll5RtAHeP0eDgdg4OAmOoo1jZzxGJw=","LZv9Jxam6iytQTvWwvOBOl1v66RECeH6K8R0Um4VjVs=","gghbSm6z4gUEaJVFVyOBj9QM8HwXXaFfobOzbx9uc4Y=","Pug19g8nM0MYJ8kLv+1C6/Z0vpINzvyrYyPl0qh24O4=","6mQ16SxhA8UnHW5+2OcaDLsZRoZSrNyKaGFbYmQdfE4=","XagAIT5d5oMbk+fpM2TIM+A7vkPEKUAt2GSt2GgCjFU=","nUPWyaT5mop0Y6vuQgZzm4w2euKcxjSHyjq/s5LNHgM=","2YOgB6oHrK+zoyupzSJHMO68FGI6pM6B0OdhQqc/EWE="],"block_size":4096,"path":"conference/openvidu-browser-2.29.0.min.js"},{"block_hashes":["eEGtxBEyl6+oXpp4Abcu9G2RE1HC+Np7T9JIL45uDJc=","JnJnNWWlHjkdxJ8pO5YLC6kFG0ngboLf/IMrTVNYZg4=","ujnOej4byeEyC5580ODOorrIkOTrq9qLvh3/Yt2jIaA=","HCt8CbsSEvN+H9b8gXjXN/82ICch+QR558DCm0s7fcw=","BaslVfiIjKf/zax8eXHcDNTjjbUC9EdU7nBnHcTJCUg=","cGhQ9jCOOaSE/zFBh/0o1RrZa2N33cudwSAJk6pf5HA=","xQa/3BxCVezDiCtZmWBctoft7+HAPeuOwR1yPKIrvqE=","g0/t7rATOxiqDE8aEpprqWJEPMwRp6wg7QMD0T96h5U=","YYr/c9+qOjJv5CnXvBaoOzkX+QRhhkMeDWxk/urOdIg=","cIcaOtwfPZI8D9laKufyH9c4YcYw6nIFC7aBDYJ/i0U=","VsGKRE9tRUenPxI6PUt7oWu/0zlAQpf+f+b2oNKRwYk=","QJ7xJltOiDVEP874Bei7hJqjvIK+k3GdamlPLS/1cOg=","YN/wkNJ2GiWCrIQTHk2V4OfsYhyUjjFeaKUohzhep3A=","oXsF9HKG64//QI/FNj7V+GxjucmS+UH++hr5X4dqNc0=","VTtFgZqtWvW0GZkIwxNlYb25BUIGX9PSDWrbndL3wxw=","hsuc+4YXvZrVJfnG9eRh645oUd1hVR9eB7rE4jpzKZo=","MgjmedqzjW6vK7keL42ZcmB81VFXACA1GaT3oW3n+ww=","mVYE6Bp2gXeglp7WsfydmmSilNbGmyzHlWzoiNOP6d0=","gUmiZrluAKlaeBcgSp4OEL3BPCRNcAc6p7JdG3Z+D98="],"block_size":4096,"path":"conference/openvidu-webcomponent-2.29.0.css"},{"block_hashes":["SAoMxojvByA7J0z1CO3WHglbjQI89IP2u1dpvkYdduU=","FNs8BNjfHB3UnAGnv6ro81ojuMaDbyvzRz++as4Wcms=","gzM2QLxlzCXdTATp4VH1wkYcAAJ40wJOgmzpiJr+iv0=","k8s2P/wywRPJWdhRIjGrruOLh1FQ5SUif3h79m61x3E=","CS6p8UZPcMq4dtUqJTV3+IxG38QSbEOcmR1QcpTY9WI=","HkQrDzby3KQCIck0IFGS5FPLeRmKY49DXsLwTQnAwGA=","jT7Rb23clrGePt7ZMfjl9MqtTA2WirfkguxoiwvKvfI=","Gd3yADhBiL6xFp5Old55jmHovNZTtRUHs55Cy93MRhs=","CDErqRWdC7ar1MWoaS/facQk59nyzBfcOdIyrwckwA8=","F7oGpnT/EhIc70wxmHYebuwtGAf/njFoWn1gxr+gfDI=","VkRHnwpN+oDMOpcK/GvhGayDyBSE2J6eX3nokCALqAY=","GHW5qm3lghJwxU8ZSqLhjSigTyk4sESgTiu2CwiKxmQ=","1E/Iv2KGjThvFgusPXjE34LSwlAjihuN1bkKnqc+zlo=","Tw4/u1NskCQMh5/13JPCgep5Z/cINZopDIs6H/E8Rcw=","JU9G4Mg+tWBt/N8Tm0RCUTbTMxeGYjygtJ41EF1FgTU=","v4qzyMcwE1a2as66RMp37SF1m9LyiR3zpT68xyd6CJo=","ERjEvAuw8+HTorfIGe/A6wTixIjVHueSnRw1pxW/e6U=","w/k4t9o4GhqbSFkTTQoVu5kgo/Fqokz9uq3R8Hmp4Fk=","fopYFVrB1LzV2n5WIruDQDcx0QGe/ZBrU2lTjcwoPFU=","8WSxu7IEJoS93CRA3522Guz3AtwlW2b0QDHSgk50k/A=","I/yZaun3AOnG9U0hgpB4TJIMfFSHdS4pxCH8J8h5UHk=","sxwVENFYzqVMvJ7Rs6sP2owTsJkLQ2N5ol3PMudmwVk=","NIqcjvlmLED1rzE2NTRfsCewJR6IZXQqIGzB0r9RI5U=","GEhrmR2Bz6vFUOwMYZSamRq0+HAiJKqMNvMfLjcFysw=","iwGTLNjF9LRMDbnnJsrLSSy/kfwlKsC/gD0FKA/3pKA=","Hs8gcpFqXAl6TqfAOa/KPEU8NBaNYH735L0PnbwCqEo=","m+lczopgGNMXZ49zLl2qHR0GQOzdCHHoVqTWIupL7oI=","wkFnb9yqrhs5D3UVOBjKEg9yKHYEovAVze/zxZ6H5p0=","DYkMbV6oyOmXg6N28DMaVZtYqYIl1laDTze7Ub/QI68=","q6GcwDOcUWbCEf+zIG+ogNOQIT9E4053g2yxQJBMwDc=","0sm3hg+2YnJ6u/wwpyRf2JILSFJfcHC4KHE+aldpnec=","/8t3SkZoVrGNZyBwDDwR/dNQ7pATm29jaMMp4eyrb14=","hJhcxGeAguCsYZUupauAEybSO5V7MOx3Y6qGuBGtIos=","tSTvL1uGurE8vXczJokS/T/Jsw777nThPM8GXU3XtLo=","147pRo6X+c4I7HKPSnHQWVEj+3ZzGY67S6MuJ0Jr7TY=","/HqEcKepnFXcQZosyKu8J6CwvjGAcW1gwZOYSV69DBU=","4yU6G3uYfxmc9/GOTTDnyyP63wt3AP72MwV6pDy2et8=","7V6QW/JKrKp1RE/PDO9TGuylJ/XozA4dZJK5xuMB8tw=","dKlHKS1094826weGitrGhhI2ZLvrPDlWBYMFHtJC3us=","pdvvAzZBlADOPMYlHYJSao8PQ4cWZePoHll4drkIodU=","QWZCZ6eaJYoSPN8xvxpV/xGVQ5p03+VfIgYiXwPzCW0=","9yR4Zl1WRpkVYsltasgMr0v1k64OxArDYUDqukSHqVc=","CzF6HKv4T2SglgRftH/C8YgMAFltOxVnNKhlgJw9Qxk=","X9kf12Ew4yoy71LhF7VBAqcvZF8fpubOnd2DHdzeN04=","3jXFUwRByg7DINeK3V4ECNF402s0KFX3BqlC5f3voFY=","+lnWZCttnWV2lcAlAR7hg8I1GTJC0gWnnKwRMhAFYkE=","klAPu7UtF7kEUwdBKDYCspwJqWMPLcAvfiUX8aOuqFc=","pE8an/0xsF/zABVlXOH/Wb3qggOp+jzx+4uKFVb0MAQ=","MFSHqvqy9jitiQvYaxS5nP0sg7cGUBvmCErHWiycK9c=","aNYydQMfn9xQQ5szIeSs+V5e02+LuAyCHffN4p/uUOw=","AWvWsqu7LFGrWL/degkZ4CejPEfjBRyfplr2YJ4bsEA=","Bc0R3CjjN3vnKwbbebfXg29Te+t0roqrwKerL9tEs8I=","3qLQZR5oBIvxyNWeGxb/IAkeSvbsGENevDs3kiNNJFU=","Kxv8nf7vEhj/Q20MjrUbU1ZWMI5A/ogVOkFKgNl/h4M=","1EZmapIhZ10fqcJe6EECdhNU4RT0ACv2hrERxSJz4K0=","QJhoOBOTe+O3IOGdXgjZFMcn6G9WfTxY8p4b+NW8+V8=","1E7L3BScW9XDCrHK91/PxooWRIMor3f/pOAqpmSlwkQ=","PZCVEQOAv+yp8oirPXMgmvYs6jLc+/W26+a0BL7+NxM=","hfo0uih4risMldrssQleawB5NzEIumvmKttqLGQqgis=","nYGjrfCU2thAJ5XI5Eh9hCaIzfk8fKo+csblvo5gyXY=","Iz1qqhYbOF0Y796QzNeVsRjT8qqnD9cGBpYQf6zm4AY=","jCUyweaY3oV6DfN3gOnD8/bhlBqClTcOpJ01bctCXao=","S96YP6t4A+MIyZUE/umHo4vrkyo6aG3xBrd8GW/pCOE=","vw/v6PxmGZiJPNMH5Op27tFTjQPW3Gwmduz/mpQQTcM=","CPOsSaVYjN3hyJCNAu73MqAPK7dzGjqiaBfM+vGbdWg=","Q+DBelra0l8wh26ZiuyP7B44iyAAQ0m8aXK7qkq4Msg=","xdMerRZzR1WQilLI8aq/PMJ5c/mAmSBy0kwUDPv3a1Q=","8w+SvdP3PPW5QADQiVs28Mrlmzt2ja8Wg8n7EtY6POs=","VleP42gJRKEZVpjYBK9cFjdt/83Dx0n9J6SLlYaXDbA=","ODGTFtRNAVpUvRXAPgO11ARgeIicSaa0fp9B7XOLLIk=","Mu12iSlbYo7+hkUgZAnOEQseQpKXtMmrcQTwDOtKilM=","54WAHrEKaRoRjyVZoZS7aAI+JQbtAufVgwIpqw/D7Nc=","K+9joWGRuNvtxvrXl58HEYtsdix8/wC262Bfc1heNSA=","+6sV9jtb6W9nxRtyq9yyfjhxS2jp4Qo9XzddiWLagvY=","veX7G5s03XxfkXcCZThlf6c/R8On0dR1K09BNSyZHOc=","pvf2owhNcK4/SK1V1+jj4Ce5+kPuknaNSgLFtoVrBi4=","ZJseiTBmFskXc/L2GUCDHCtQE9r02orW1F56LAUnunw=","IEhhcnj8y+9K3S6TPpnPV0G6t5+hixQqU19v4rwsiEc=","vp4jZwr0Mdf3QrlaZgn6PHecTHbzmOzJ/fvlswuG2/A=","glGJxYfFoiS+SlgcfY5eyPY45AuGq0Y3QcHakQsMAUY=","pNNG/m5b49f/eX9GTHx6Y+gNirCWwSUDuehXBI7JBU4=","jdNjJ09u6njNAP3tDCVgXSAb2ySlsWSxpMY4OTB2h14=","RdZwvpQE5zbg+OJh8BTL8Bto6r1EzFlRPJYB27cGoCA=","6USzRo33SKpibLZhxJBsQ4j55ekGMuCqbs8sUMUiV0w=","GSFDNbedXDCJigGn6mBX5PuZ4eXoUqmqd/lnmqEs/Qw=","MbP9BUD0o9Rpd3XeMwuDt1cVg9WWYzzZrD0qJotGSvo=","Qs4Lh8kL1OcPRW9oBcfTblrm40EZhkMp8uol/7ZYTWY=","Pomf+EHxeEzPRvqrYNll5b626m7datqmqL/xZeHVkL0=","ysQ2fmnFWXkPPyelt070hfEaUvz6of2MwOcMy1d4qQg=","GFtyg3hoXqJiwE0ZqFpFmlv834iK7R12q1Tai3xUIX4=","HUHQGUuOpuWhWSyU44K1FBQG4Po0hJgKUQpUF/8EE9Y=","De4cNIFphauqG3mm2swUpplPxuCMrHCDEXxl54MD6Wo=","TztsJ2VhDNdREaOmXTpAONx/F4DYiL7W3jof/4/uNMU=","TcqIvSvkqAT9K+59CGMLkUC53VOi8raCII5iRJ33Fgs=","K7xNaj0ZWpIoVVjnklK5AFG5OOIea/+sLxILCj0gO8g=","zqKPiBrLM9oOQM9ERnYKXA+inSn6WZ5IUkdJt1+zb2o=","MDz67/nhK2ib3EjcUns5aVAiq8NElvlvepAivEVLM88=","l7vXkt50cAS0qpfYelt+cjAyIglegklXjTKpGtZvXGo=","v4BBJE/lLOwR+Z4petI4Fdgriky1uWwqc/f1Rsb7IXY=","8o2F6HTHJy9sPb60c9xw0zG5GD8jlb46fjGzBz6s7l4=","wzk6ojFnaxH57mfkLuOMxd/ZUb549YISPWTmdhpH+sE=","0tJxCyLPKdpoDOFtHg95b9mLI06dChLxDElAPyk+Ll8=","yxaqU5dMXDCgD3wnMWekeLXVHqQ/FUOfcgkhc1BHtjM=","LH/3u1bRjTUQmIBykiVKbWFx/E6W0N88dN8GAl3KPaU=","bSnbpIjG7689FRRbzXW1QG4TeddXG0KvRWpkmPsMYpM=","IwDIM0Xt7BDnxWut9ntkqLScTBTbbS6rySkXDM5jlRM=","NF+HlgxaV3Ks2QlwbNYewq12hcQltWwU9R2DLbRm1fU=","IsHe+osOMwEV8oy+3plhXka9h04oPJvLW+9ub8ylQ/8=","JWKIZ8vaVk8CCW0w91vsmvzO8dnyJCFIH2Dc45vFV84=","Idc9rb7SmAQvxLSuu4YlgwH+a8YLPh2v83XEGx5cSno=","TtoQgQkP4N+rVQDCQMrakizoG0lGp4fiSgLj8Pjvq48=","/gywSlXIY1eVNGHdOE8AT5BkMHukIDSc0vnnkmvFzmc=","dN3kc9J5BBhTJYGRAf3xhFGOAfG8GWNkU8H8jEaRy+s=","wngBg2LiOBKTbaVE8LkonkmYS4VwRKQoA8tJKD6yoZA=","MReFjrBzaHZ+prPFYy9kQI4JTP2dVmuqQiD2AMHpNgo=","bWiuDVWiMKDm24jQa/dgnH4RQFosy0gdJMX4aINwiR0=","XNbJZjWDE3w7jIWhOOwc2MFgCFfVSUfqfhT2YvdKpdg=","BWCH7cClb6XOtM/xSrqODFwCgmnZ6iV2T5D/rKYPxSk=","X6tKkjiffqnnnLWZIQGheWxO0FjWSBYSzImFp6FGVIc=","1HmJOk34B4GfkRHwKR/37d522SeIB2j8F83nW5VangI=","90OxG45gCGfPOWGVkc2TXzOY7ibgdRwLyRfuw8wwDBo=","RLRXg7HZGQoJKp+QihoLqop0WZSQyQ4gBhHddO7T8Zs=","hOjoxy2Du6mntZEKaVv8yJC7iX+sVDst3wxEIq6Yjwc=","Q+gQWuw0JFY+2fatfBKuWwOetnwoHSRzi3yXLoz5ecM=","qpzekJGhpcVmOAiQouDCqFL3B+pES/TN4ezJYLf3snI=","CU0CL67YqAZICSUMrdkf0pSzoix17012rOQSPkiCHTo=","vXxmpGAKsjV2LYax+AqzxjhIspgeJgIvkU9POzocyIk=","nHHW/5KtoGR+VolqDMTpbOuJoCvaxRXjFpZAZysat54=","zv0drnLf1YE3gwCthgCTaG2wvIvtnR6X+YqeDjKsGqU=","sw3YDvpUvS00mM0gzM+llMvYo8DuFCU1ML9H5unDzRQ=","Ix+VEdai8+DkmZcfDcjY0Jpa4K0H2Bposl+QXkk60hc=","KDTeWTwgwdrS1kdLJNB0myTaykOTdbHhRisv15UEogM=","iUgdXO8/OYE/dSm/ACissQ7P1Rm2nBYD1FP931MKpzs=","FKxTRqjcxxbaXvSD57gDIDxnbmOe1nNmP8DHSlbIc24=","Azg1xYBURrIcmmCGqCoUQ6wu+cPVl/akd2OSwgHwPNQ=","q5GSbfP+F7tDeOznKvhYIyjIKOi5qg2nY/0D42JLqeM=","jbg4tpBE1v+Q9c7Dy/w6tUEuyE+3Wh7MOcznQ4d6fVo=","ZlIWd477VlOmBkNwYfwbUWHxhJ+FzBtn0aRYcKGClnk=","TXXz/kZQUb77QKE+JRE1ksyoB1m1ADSz81PrQ1I3g68=","aaJ35o6pIfFOpVg78ss/eAQ5pYkdroryxuc7fOo36xA=","rfDpcHN4EIE2mZOaNvIHDE926xD2SBGcga9xjuIuq1E=","b1RUcxR//twLNR9Gjhiw0TN55qVDC1cCTnFRlowCWdA=","NLV1/Vq8Tzag9YbN12ZK0xfIj9QntMgRyuuDIJrUnJE=","zd9ooz+eKFh2m9+jvDUy/+ni5GGQ71UDp9Buvxwoymo=","3uoRO92Nru5kNBKuXiN3ZUFF4Rsdi5Zx67atppX5CII=","qMrUjoGiQ+qmhCbLQMkX6+yf02bSAh9RdN9/EgWxwgk=","rk/HguR9eGZtzOnyhswcR4cya06LTlxBoRAYFzyAdrE=","wJ5z8DJbohiSZW5rab87nDkxE8g8kv88KrrCekVgQsg=","EmQ81rUDcNSRXOq0mY7/8ol5LZ3/tfA6wKsbHaVI4Ls=","K5OevrBZgk/3DWf5iZs63FCdZCc7/RN+mcUNp+92U5I=","nEDyLTMBZdn4qrCmoWQ0YICzzy95ecLkln/bl+hJYTo=","ohg2/d2eWpfoarVH1CE3v2HQTj+0aa1DzNvRfZVICNg=","w7wXZ0m406H5mkWB4KQ/7jb9Fk8QVreyjcj2hPxEE68=","L5+i6vRt/RrxocgIh9a8wT6QT0PcA2EDgbDUw5De8i0=","XgUgw+51xzhcBkNyMILO0rzK4NE4zxKHyMFonVeFFHE=","qRMZlQYsucW6FBeBCFOM7sZ13wCaYSA70UUbNsiWmlw=","oIdRZ3hpM6hrs8jYBq6n+uPm3QOPagwI8B5kElMXSlk=","yxBRkLMzo0wBAZkhN8ShkitQmLJvW48dv6pBrPY94AM=","Yt35C2XlfREL+Frduw1tsADQ2vY5qFEt5WiJlEaFdFA=","sTC9OXblp4toSPkcSzl/Fg6Zwsy8dif0Ad0H+EcDZA0=","idTy2pnhwtzaq/Zx+/LC7cL4uytHtrvy1Fb0BKK+OPk=","UO37IcrHSoTNtalv+XgElUW4rcUGIO/FakzAjSOnNiQ=","hy11ISq17wC3oARum8Kz3lPAhImN5sx0CgHDUdpgYCI=","J0kBdnYzAg8nUlLRW71HtYcZC9lAis5wTMKQ+qIPvhk=","UuvH99is0wCAFfgKiw+0Xr/zI8ENOm+WYRaUMK8OUg4=","SuKy2+rYOwP+e3oX2+/uWxVKn/yB0xSnWF+ryoeue6A=","8Dt5EQIK0inXT8HrSHa07rczvXcVkg4P268GNJriFcQ=","9onJEJW/D28iNPDAdBSTa/NTSlJFlKiEXddVLc/gLnA=","0gY89Ndap9Z6OK2O8fkeqrJ+pRg3UC5QUrPc3Opmnwk=","0uA3Q1WhBlkCZBiBbmDLgdrbTpfhzXBcIgVy8GqSv14=","tHLtzrjqO+YTNSnpKYjDZbVDEY/TEGOzqKD0IUmWZTo=","z5MagcjQDBE9PEmpL+Q10YWmgJnGoUZsiQ40FCVVhxc=","VyZKtXVkegmVt7R8cv7jkV08igJn0eqkCzfc0KFjM28=","FjK6UCPWyDcEyDtgWy3dk6E4m35wHMsYfm3F4tvocEQ=","GAdJMWUzMd4umThKbRcUsFhsZ1CjXoNcZeYqmroq29I=","Ld51IwPr2sBAU+AGgBhrIq+Ii1CA1sQb1yvvTHRB0Fg=","rKdb1ByafhCgNtHFShmSGMmBEpVBNI7cO0oZiLVZ9Bk=","EDRPeH5FguSfm+a/VDygv2Hv9w6t4TOoMBKSL42ByCc=","wlyZiTkRyRywhfIxWdZAeEuvLAWdGBi6W326v+9dDXs=","lUHMVsaSXYdgtOhWdnd0bksUKEnrSU20wKjtzb1MZRs=","oI2mIeRIjb6n9akkEbf8Gtd2Z9rKTVzhJj3tAPzELxs=","m1fF4irmHOOchcsXIBp6jRZ9Njg/EodYeRzo3n90h9w=","84+Sf4JrIZq8ldXCavloT85slNFSqs+6VcWrpKR9xCg=","hw5weeXdAcfzGR/pDpxoClm67ljGFaWhtrkGehoDRwY=","hbC8cRqhX2eyacPDRaa22W4JE9uKEzNx24XbP7gHwUs=","ysrnEKj2ReK5O9maOgtdtwb+Xs0ljrjWqe5pxCbxhmU=","7kUSPgmSRnEan9+81rkDhtyvIark+kP+BMGAtLOwYYk=","e3CQW9w9oDZMchJUfP6GICIqpKfVqelvVOBoDC5QvSM=","WEhLHu3iGeEas7UirR+HzTtX6at9mBwpUGhjY20EEiA=","DojxGgmobuMCVdwF9/EI4gtV90LxCjaZLLB5/W+yLRY=","N/OUiQLDgBYVNEIDIKP+lQkFFPWu/r0ATCcgyR7KrSM=","ku4yFZYSZbICoUy5Ou0Ck8NKi/T/iwt9a5BkC/lxDbI=","TVHZAxkQV0i5Wtv02Zfudw5KFINNuSn6IDZqAycjzyw=","z5Ekflr1adOxG3kjn/92mmMJPJFPbACogIqefZpCXz8=","aUljPVHKREl3gzQXO7oYMpI7MowtdeTO+uVK17bMS2o=","B3CtIcBdaMrQBIYUOD/1ELaSqYo54+O6+Aa9TSeqmn0=","d1WpUTgWoBNd8L9rGYDCUMpC3G+1DZRvRCnA0U3s9MM=","XHILKDsrUNwEDxxetFmAXrCJJEt0Gui6dCX0lbanR48=","JB4kKFKOTqyUvKeRw9bhbtSBqH8y5ZvMwjJPpsZdBqk=","pbrlK/cXwvrsd0dYSRNPXotEEZcCAPfLGgHISaU3V+s=","SXMG3uBDvkgHRUSgWRjgFnQHPSqai7MqKgqw7khZvl4=","0SAslhiB5pTI7x+38Mn/xP6PUBK5MmZUbQqGcq7nA4s=","44vdQ9AjIs1bX0H14du8VNZSZW/7sgzCTZnXZKqXpq8=","4IQXww4gw9IcJop0yd/p8SMKXDWSpIrUp/VL2ViU3T8=","0PJgM7OvJg1xV39mv+Yx2/8N+xhBs1Qr4xsXvOJRtMA=","f5rAbUH+M4bouIcol3KC18hYtF+Pb5Ip/QdaIgkDkSs=","j3jE3+hk0i1EP2IOzfpq+iwtwusvtnOcsO9lPN1Ujgw=","QEAz3CjAdUKeMZ+Kj6xTRIsUYtk9ErdlPj03Y62NtKg=","Dp+wekRYigB00zNXvWZ5F008r8CjR91mKGM0bvUFlpU=","wZ2nOp2XM3GcAf/wCAAvqaGog1XsobDXQ8hfvTAxiXo=","GzAGYHTwy8xEHg8BvhqI+pLFZUzQEH4q2tRzV/LCxPM=","PqKr+plocGDb5PvzY2csApIyEWM13q/DIFNtuWCPhOE=","j2+GIEsVSFN/SZ3tC3qu9YQ+HfEOwQHB8csS2CRoO2Y=","Ut5ESKYgraBBg2wt7LPxYti23J0tFpk5L26Y9CKatlE=","HMqb3SUykr3DARqdCpij0kjTYvgGSV62OwnK58RqV3M=","TKZCbuC5b9xC9a1csgmz2cp48jYLcecYLs+0y22XmOc=","Ze0ySPKvlP4zx7I108zrvnO6zci1zyuR6wuWsj/sIzc=","sXw4TI1HHyTu/RI7bN5C98dxgR09IrC6WLrCJypZHn8=","YgLBCV0+jrU4WtIdiajw/Sr2sEeIbBrmzdAIz7minuo=","lznKURQjPpxweGz0d48izbqv94PlMyoLEc/sARH+WEc=","XrOMxWnw7V5l9w3RljdMorJMTnMnPvCma2bl188qTDM=","kBvYz3Y63MOTJttfSsCy4BMvJ4cILmZnE8udKlSZJaw=","i3syJuJqk9SbDxTsaykEMf8/mH7XgYnE5Xl1jvBYjAo=","l79UgAvu3Pk+PLeOVrtibPkTYsMPzD/nuHgpun+UcGs=","Mo1z7WVd6EpYho/F4knUMxi6lnvmre1LovNfSTV2wsQ=","e2sszihbjoCJiEZcPiBSSrH55JHSqWnpcQ35vqyrPQc=","J6q+LPmgFpL9DV6S2X6Du3Xx35VgZ21ZdgAbQJnWXI8=","dhHfiTsSmzDFueIXo24Q0TOmIvA1k+CrAfDkfa8DROg=","GTBFHfHnQVsS/WMRfBadp3sFyapPk8KIacr7WTqABwA=","Cyszh5ql8wNaAEOKPKiB+ZjpEur1lAiRwVqhWdn+d5A=","jgvx9rJyoI3GhOwIJtvkprU+nCLvNqFbDc5PX+25iLc=","PUEqb0Nf4D6vPgzllcud7+xAhFBPz6lur+x3EQLEboA=","da3knbJBmDf2i7X4wk/14Hv3jnWL/SC7MxxD6AfUcyw=","WYe361uHZr28XFlD5p2lFUprW3vzGPkYIj3GulI8dqA=","44rSrYPKqC9IUpKTBqF/GrUXMF/mauoQ6+NJuM9dsOc=","diyOI+98zC+76PSunc6uEA2ckKah4IuOLuhOO96DeiA=","bkLCFE+9g0A+yEWNXiz/Yo/a7/S9dTBBwS4K8TyJgy0=","sK91ndFqBmGWg7BBsXfwqBJGrkBbwEz6i00zEhJRZzo=","552mmIyqLwFlY28RH5gul+uYSQqt3Bg0jVGMxWSGUn8=","sTY5LCQo8NBEFu3HLjnYpb/WGR4BiwRluttZGKwvmwI=","hFDDvtQW4XrxuldPwVa2oTQk1+n1kG4fGIfNpzoCp8w=","/9qYXXn4ctdYvowPXe3Md+zfbSGzt7/TZrYk4ROgWwk=","NvrK/yQn2Xx7lsFFIJHex9J90Dz3ojerd3a02sp+daM=","eR6soPLT5C2fqGN6QcscLtOl1jUhy0BO4z3E5zg4iZg=","VyP3n5YQcma3dUeHc4s1VL2JndN1Jfdz2SpAABPHfFE=","ZcygCOwVnov8pXtmbukGHI7/jW1MxcQB8W886aYPJxk=","ziITKAKf5NXPKllPyYijZRcvg8zb8NWxKQeyQ1Xltx4=","+vKDab2xRMNTK0/Bup3/OsqabR8Ord26xawL6XFZJNE=","TbR2NdsoAo/aD4QMXdKWaJYLyGcA5T6TA64fRTU9hbs=","cA4lIzdOI22fQI0Av18kYOH28I8LClB78dGnYM5refs=","XgcZxsGxh6PKDAILVsBzPV2lGl8pqX2mS8hbDQ+DS2w=","YbSyILe0UBA+/sWDK83hkcAbEEpxV/wn2x7tDmpxsqQ=","m+teqVLI+j3WguoUtbislFPr+Hkh8b5mBxTpKr/URok=","usVkqCWf4vsFbCfc1kplb6I0r0ousMmuKJcBt6L1MxA=","28kUfJfjB5CoUJzz6ALZRpkoyZS59mBoArO7FkYH1bQ=","R9nn33JGOWv/Ky1jfYVueC8UGqPQsKo89bQzU1Z/rMc=","9cDHRD7ZdSBRNch7Oi30ovtyFfw5jD9dva3ynlhvJ1U=","49HIi/nk7xRV0aJS11m9OwOB6I09/iI0Gj79sVKhI5g=","Sa/x3uu3bnYS7245vhSYkuvdngEQHjKmc1Q4Z/wo6Zk=","b3h6evRfMtzOpOBQDIn2AnzHlvBi5Yd9oLE86hdhLbg=","2mNMTKAbutmZvAlG8L4StzCqcH5AfKqDLwslIYbdeb8=","OVqlpkrbraQ6J+nQe3JAQIfZgBJRIJO35Bw/OpcL/ws=","Qzlpl6ZONb7pB6K4+3unEbCp67mwdrzrGA+jEG8kjbU=","l8BljIXvp/Hst+Ipwf/MT7TRM99IQo2TYm48xh5xTFc=","dmX7VmqKJByxDxhg7FukTv3bAWKLmtFz7YqRlT7bi3s=","BIZeScDacbT3Ar41y/m90W4cYk0886ye/nB6FmydwdM=","hRhlsfVEQFfpPAyQYpY7eaw//bRaI4sBAvi/RyWYPbA=","9Zc5jOcxGrPq6G0uh84oPP1ePyQAz3ZWfnmaEiLyExc=","Bstbd7gpfba+e5SSX8c3xITB7BOQjGPwZbw6DDmz1bE=","07p4zmBAMzNWYhDkHcSZeKhnKgrQ2ZxJGjOnsmtmJuE=","zYL5Q1DjMEnKJSIcbL39RnlKnZhVvP4bHWVJXHdKOtM=","0RJcVeOf4IA4OcQjoxeSdimYolE+fdsB/wlfviFUlaE=","S2VxLeFd5sELvotzocO4Nj+VL3ZDAFAsLExjyw9Vlgs=","rXsqpkrHYkUsVgIeRKYsjG+9l8I7Ud2VUTUJ/9OwZAM=","+H98cmC7OrFR8oOJ0fHobAFbo3iFfBtJzZmN80GALJg=","NQuG/rpgltYVNdMxIZ88ahRL38UNAD8EpP9vOAFwVVk=","sOFUm/LLiwWigd94XvLN+225mIOUfkjVOWCKF77ZvHs=","buxGJBBOIN6eCNgL7idK5Aaob+zKrl+cOsQvJELw+4I=","uHMcUijcYUX/BGEzVTKHEtkEGqCfLepo3jnpRKGyK74=","uLGQmF+pbFKSXcWJ9CREvMgNDHDsOF0OMYXVW3Eb5wg=","UHEyqzUJuCfAT2EhVdkv134KrTexQ3q1e0dsjogRZrU=","cowz62M2lVrrgTp8foZXjGxHjbzl+YeC4YS+/W65H7A=","cfs/lEeGGvvCFp9ghfxaviPiSa/f9ap5BNV9UPxZG0E=","uXfn07d01/jT/GZ+wcRpx/b05RIFx0WvsixtYH5iCak=","Ke1HLMBETOstf9oAH3wHpXbC91Gz/RYt2JviGpmxRs0=","TV1VCS/AF8WDognE/+QhqwLLxHsHaKX4xjYw1XhmDNA=","3SfeFUQhYqq+j3adhuK9RO+AfMkp0Lae932gUsrFoHM=","j5WFXkCrnXvBY7ygx0gfh0nO85sp3Qm3OK55WC9zA0Y=","YSPdhAmJmgt+BoT4KXXDzcRSZntRTrzoGdScKCtzHv8=","pL8WjyHX4IGpPDNliRZ2pr1NJ5GhZdDW99VPSzqCDgU=","5rByotID0002OJrFurPi8fTfDP7AD1ftoMFNxKdnKLM=","Utdp3MYdGCCDV0FO75QHbtvPQY92ZYFHR/pr7vDUAmQ=","l6iQAs6y2CazzfzRoXO1nNa3tuK78nupt7zaDn6D5S0=","WAWeJnOx2Ub5gVorWY9A0HR2KJ0meRjlQczJV5No8C8=","j+zqbrq3wDrPoQ7cDIFahlUJhPFeQL5onwBzPnmgBqI=","k0WLVt7b8LZq6dzR+cC1V36DAKSxMnbK/DaDCpogTdc=","0eK4B90IB1H3AFxBPLSk4o3B/Phn/34lSjv7AgQeHtc=","zB8tkO6/mXKD7sjQHL7TiQcPBo5HqrIX2MOoOWT0mkY=","n8KczsjfH+Qo1FeTU0H+dmV/+JQ/CZCtwir/ijNSBfk=","bYi3matvqycr+n9+TFyEl6fYq3QGWwooV5J38Mf7MmE=","jAI5yr4cdQJYbrJjRkGlWS3RBTsiaPxpuF8eYhUObWY=","XryQrkQFwHnffLGwnYHj4lapWEvP12kGGjVa5TYttFY=","JZ4m95fB+4U9fEWkn8Fn6ieMUpgf1uyyS2pfVi9AUuU=","QoLLu4DjPSLhNk042Gm4hFpSeV1pV/kDtk9c85V9n3w=","+NmM6QwPJptk6LnXhjDyjIy5b9Xy6wfkq0GegQfdJ5s=","Fs0YsbPplqlW40+721z2VRvDDTudWq38UgtCYVFJrUI=","No2ZkVT/U2fz40ZbhTCsXoICfKJlFvyMh7TtbNG74U0=","88ko1mSHYo338W+yg5mFgFHV4JefAXIGN8MXKCLTz9Q=","HTRKE6r765qGmURhG5sHyrhzrIxfWMLhe8b2U1O/hW8=","/XQhHvth6VEobQUw9ch9WRiv3aEE24KtkbUdF/m0I1o=","Nse1w/EloRHgm7ICX8Ct8I6opw0XHxHyFB2WPzrFlkM=","3mfzQeIK8sgGJrwOOLDzUmMNkhjnA8MSEhUl/+IR6ss=","i1ZxMweAYtglVSBIPrjBNxnZB2nNrnXKZof6w1i/MnI=","wc6xvne75E+0v34eovI5mt5ISBq3Ic9tAfIpJcwGHQE=","HXG75uI7KIdxv0ctk78RiLJgM5newk1XBBXNZUFAqFk=","/8oHTLxVam4O1aTd00p3Zu3/4zE2JCuytUUss9jDGrs=","vJ1reQRsy812Vs7zkL11BO52xCpyCCTGyvhp+rHCDkY=","vjAnuS2gXhm7tT8wnazu54VVwJMqhhpLmlqIVFVs0uo=","EGAjwuKiwZNYJ4dllKd+3ZmWlOYiFSLGr/KBvWHZs8o=","EmaLQqXJZ+rAGs5CEAeHpBL1LpJtCMCg8W9oQXHKxDs=","N2iMlZllK++AHkDKMi1BqYoT1UeNvZZ+7Y01Mf+iw58=","24ZCa6Q1Rs26J8qXtWHwtqMCT6qC8jlMu+Hk2JBDgUE=","dJ2rECMcxFkcUhhxXM946fZ/xayDpYyBMFcxPpJCXMk=","AdtKXt6jI3HtB/tC/bN3UHvs9XaPaGW47y/kgn7AxIA=","Men6Rzx7C/G3FB+F6lTtGepLw66FGH0otpUzx3mSW2k=","ioLds4o78nCmhAXeQM5uTceaeU6JWEcDNPhmGn5QR58=","epkGkX2r6NcVaCFMOZFfn7nbqgWFGUrB4hOb4KBiVn0=","LM/P5MT7mt97mz2weDCdGCuKDFaeQsrRoQMb1BAY/IU=","vr7aybs4IMNc8e9PXr+HahRAiMWCck6SaVPl9lHXysA=","8WjP6duhB0mndawvmXGqRIS130NuXvEPTKkRWn7y16U=","bCcQxLJXCahs+ZIHa2p6Gw9rDUDZ68sJUYz140GyGDQ=","oSzCcWjR01X1XGVx8iCo5/iPDdAz57Q8PsOOsZFuvmo=","lxkHwjXJmcjzolncIFWPqWcwFmVexYJ6mACbX0d2F1I=","hRVNeME+4g1lUl2gPMlSMfbPy4IIk6GI/njNkup1dJQ=","Mp8Y6fQTsVxBLrV9eGUQ60wxKqEfCGVGMt7ZblnK2n8=","5UMPgvsPG6aN3vrvd20xtvSUh2OlYE0PlcnNhdf6ykU=","GS+AdMfwm7ZnUu0PM8VIdZ0gIuPfk66TlM2/J/kLFGE=","lef6r+mPvjAw9QueWPY3220fZIcnBQw6dP9lb79D6WI=","18y/tMviG56V5SeCg2JjLFBhX8jVLiJbAbMMw62Hq64=","M1/WgGuTh1lo0B/u+223hyhhsYpqsonFL0DXdv9eA2c=","cJuPROBgX6SQi9FZKUaegF2Nzl4m9aBvR4ujYoil8tI=","acw8BnxzKBW6R4NF0Il+hYS8z/XLMksh1PsoEiUUsCs=","iYr4v7zNURGpFRpGY38BIA7yT+f9nTAQpJz2heWmdXE=","CweEBujI6Cj6kZo7YXISyQTg1VUCYvdEzZwcAq7YdGY=","Fz6eW19QMEgmoH+HXtV16smsjhiNrsrcDo+xfIdVHDk=","eeCCNPlLf1krIO5XcwSIkXdgNDO4QCrzT+gZF2Ym/sA=","R8fgwCezpjT89RDE6xax/pSmCWJ5RCGcMx5U/SjTZrs=","uovWRr0AHGqLMCpFN8OW+GhyKXDM2KzN9OkhRzzZSmU=","U1klf8fwdjww5D0BV0VLRQCg0KAjLppnvyHscEV8fuk=","+xKBCtgWzSVueW0gB7FcivPdaZvuz7rLrssHnSbSw3g=","gs15gdYA/RN42Azg/qTxbHIZxBqZNEc2xfRYFrllCWc=","7zJt8xpEvRO6QrzDw6OmO6bKCfmd6d+BAU55uAzezc8=","9Sxj9pNwV79RgCoaBt/x7wyVKSNWq2CdM6lt8VdTs9A=","3PSWfULUPtWdTbeRSRtzDf3Dl/Njg8T2K7QN3YhAyaU=","eOT3fCT65ZiMDQNZktFCgdsGeU45B4yKxLRQP1zUMGM=","J+jRWJGcUWgFD7pf2GIAWB/JsjsXhQwF1nPspYA3mGI=","2OenTktJ+8OJzqfBBysRkRYcHiYr8inMBIxtBxSOkLo=","fgNo6AaY2wxhu9TPwPQzyFrDm7PBC+ktN1YgN5TBLLo=","kuCtBestIIzpk5JXA/E2Uj2cccywplR8lJ13BsKdzhY=","kbLcYRvYM8cq6o+bmaMNIm6FUEeu+u7s9pslhBFS50A=","/hhHT3KP79zCofO/fOcHmYZZ7icz5nPQ9v3BT28LZP0=","vhbL35Jhqxhz42JEhc1s3GmWaVmYonvXqyfdMiZd55E=","S1MS3dXJT1N5NzN02GF8oBILF4CyCdctVyBo7TtVCko=","JLJjttZwQVGj5/Rrw54xDbciSG4EhhSTIiX5mpDErNI=","CZ56jfrnldApipzvCONaEdVC3InLRWeQPBuGGre6xFQ=","byc0kMKKf2scIQhNZ7hM96YafKpf5SL7Jf0jfSW8JJg=","CC3v9xLg1NS1i13CjjTyn22MCYVhI9dSXtQoP/Qj68U=","HcCSF4FZp6revvFZqpft3uHz/TbB3iCxZk5IuOex6i8="],"block_size":4096,"path":"conference/openvidu-webcomponent-2.29.0.js"},{"block_hashes":["gY3CXxnXUaI5inlLERg/fHY5UCNi4AtzVo+8ANzO//8="],"block_size":4096,"path":"conference/share.html"},{"block_hashes":["lETyPYW7Jib8oiUWJ56u2tg4ecTtUVCB4fybty3B73c=","jMbW6B2k3PXnGP3kqyJnmlJ50/BiFemHnhwv34X+pIY="],"block_size":4096,"path":"conference/share.js"},{"block_hashes":["uBfD3x8zfBINGVZULqa4tbDdEEaANsaqh/fK0LZ22Co="],"block_size":4096,"path":"conference/style.css"},{"block_hashes":["aw9Lzn0Dqv/mbjxqTIaug2U8fyVcwvZuf/p6sDVk/pk=","k18kXvT2bhfyazA0WSrGKDhebjgPX6z7NPF0R2E4APA=","CNu+uel2sUPiI2jxL/NqcfhNtb1AHx54pa/4a75+R/w="],"block_size":4096,"path":"config.tmp"},{"block_hashes":["2N2KA2194gchCclG/NL0cUp8dzjIsDgD+Etkpg6XJg8=","2iWwFOhetd+3tvUpUWEBTY79qu/vRZs8uFO6CjhbBVQ="],"block_size":4096,"path":"constants.tmp"},{"block_hashes":["5qq4Gs8rseLRv7U19W4/+LrK+tSrMenYivbqyemqTgo="],"block_size":4096,"path":"constantsExtension.tmp"},{"block_hashes":["CIdA43zpREbzylDv+nUcAfm1qkgycdVpfncL1NlxG4Y=","G6V48m/f/1JwO7NKE/uLh11yO+ZuwgVCVWcX9HEYuh8=","HqJ59YWxnWeYrAdyw5XKIOdF/MqDZtvVmC8etwT0vvA=","K5rVYL+yURKqJKivCLEaw47CiujpVyzjV8I6peDGE3s=","zmRayIYcVXLGBUrkU+oH0AxjImVkywozL9UE9kcYnwU=","ZHjvxdUakcuLUKk4OtinJhTYIPw0CukNkVTvv1i0x+s=","jd494dmvE3Xve5pDpBdy6c7BIGn6VHXRkINOyU3FZ34="],"block_size":4096,"path":"functionsExtension.tmp"},{"block_hashes":["fQB5tNpFZuAg4vasCBIuiNr3RAomrqLKYPb/dsJN+QU="],"block_size":4096,"path":"hand.png"},{"block_hashes":["C9Xgc0jcB2Xh85ZFAZdsx37AoTjvY5Gw+pQ0tQ7wEtI=","8NZfiR3uR027ZFoIBZwCUsrsAUnhBReHQEAQqsCsUwE=","ZtccOyABtqroTRprfF012RMnI0wFAp55t0IhkJ+RzaQ=","wlnHIaTAhDQiFZH2F7KDynvewM2ihld2anJIimoDb2U=","lwT5lJ68347LRKZli5dWQTXtNrNHqd7lzHSC6NzmpPw=","4k1un22gtU0o47sbv6hNPIWFwCtNpsvicJVfQilVGko=","9UQyHjsJesbNB3JmfGCO/Em1FnlaMrtOyQ7B3l0BXAk=","6UcJH24+IZVAu1rYgKl7vRy0M7mrtN6D0E4kxlaFciw=","fC/vV4dmNKKPd6lWwhRWVn4snt8s1DAv/W/en5De7FA=","+P/Puc+BwXNgQT5iU/iDq6PytfIMLpF70qu6ltmWPGk=","nmI+M4d6Z1k31gJmwjUCMePtIpGrN2BfCukuzDofmQE="],"block_size":4096,"path":"icofont.css"},{"block_hashes":["hbmPDgD3LqZI5my7jlKzikoz8+R4aO2vghaX8jaDlUk="],"block_size":4096,"path":"logging.tmp"},{"block_hashes":["cDgjvZ3OFKba/J+eCEPbKi6DKcNb6EHSWsUSaTaUVWU="],"block_size":4096,"path":"logo128.png"},{"block_hashes":["dAz0vlLOne2iFj8pt/bKwWzL9zSkj49oZrj2AmdOy38="],"block_size":4096,"path":"logo16.png"},{"block_hashes":["7VBmqmfTsNmDm3GuYuoH3UBsnZseSWqs9NTEXCb2A0M="],"block_size":4096,"path":"logo16mono.png"},{"block_hashes":["edMRocKWczfpBwdtJ9yy4wO9z6NR0CzIhqJHNTB8go8="],"block_size":4096,"path":"logo16share.png"},{"block_hashes":["wSxXU7SVwRbbnJQKcBOnHeIhzeazw9FeIKnRVKrfi4U="],"block_size":4096,"path":"logo48.png"},{"block_hashes":["ZLDa3IyOdL+RZ5Fi5wqrMYrUxAGVvg7u+1JgA4AKpaA="],"block_size":4096,"path":"manifest.json"},{"block_hashes":["ClSQZtaDdhFs+6s13MzugTSUXbff88ugAuf40c6h894="],"block_size":4096,"path":"nativeAgent.tmp"},{"block_hashes":["G5YYSrJS5L42HYR5ki0NsZfB8RoS7l3d7SxoYEr+htk=","urm4aYXRG0W+zCtd+COgWcFR+oHWY7dEM6t6MzDW0q0="],"block_size":4096,"path":"net.tmp"},{"block_hashes":["j5cI4ZhAMP39rzYif+EBU1sOfPlAd56Xv8G7vhitOB4="],"block_size":4096,"path":"networkCallsExtension.tmp"},{"block_hashes":["oY3Sj7QIcAsSjsEgMsuQB1zEa+AdnJffAzFh3MXO12o="],"block_size":4096,"path":"notfound.html"},{"block_hashes":["dngsBlI3H+iiwdk2fhBnxIsLk6l8g5/dk2wxzajAiF4="],"block_size":4096,"path":"notfound.js"},{"block_hashes":["KbJi3xraP7jWtFkXQUeeJspch6cPPfn66L9WWBCtRaE="],"block_size":4096,"path":"popup.css"},{"block_hashes":["EgHKwSlLQaIwHmRBVcNJXA5dg7XgboRjkOADSFjJvYQ="],"block_size":4096,"path":"popup.html"},{"block_hashes":["c7uNN8QZywY1YFnP87YgM9vpr7R1uwVGAR7WzPXEPpY="],"block_size":4096,"path":"popup.js"},{"block_hashes":["CpEHHlHaljopKYPihzydcD97o8as4BLkcruQjuJsFVc=","+xw62DaIlhWTmiOdYzKQzog/kMvv25pdvm9QP3JFO10=","NCJSibLbRiScNirEKWcxMdGpHZsjppteiBxaF2jD0r0="],"block_size":4096,"path":"promisified.tmp"},{"block_hashes":["2bPtyk3QLHbVW1v+MJP8vrxKZnD2lHrVKqExyQe5rtM=","TWpO08EHSJS0qrkcPWePU44up1lWrGRGbpPTEfZhk4k=","Dt6JhIzfZMnGZHLMBXlzzKdr2Z2uWSNDI52uibw+5to=","0RDBqxMDKy8lDNh9lhEZmaRihFGciB2x9z8jQgKLRAY=","ppptw5vh020uJq31AK8C5B9gqhMmiEbruqbdF9OhTKc=","zc7GWnsyH7DOSei7QX5ouU4xoab7eQ06IySvGjnxhpM="],"block_size":4096,"path":"teacherTools.js"},{"block_hashes":["oqGitpfGhXDzfuVzp0F7cDPPRUmB/MN9QBYeZLxZryo="],"block_size":4096,"path":"updateExtension.tmp"},{"block_hashes":["CA2qLveoZaMgGW4jKIMtP6v4dD69CVtNTht7xlbxZHo="],"block_size":4096,"path":"urlStorage.tmp"}],"version":2}