{"file_hashes":[{"block_hashes":["QLiNaRCeDkl6IHC09FNiYTHVyf09Lf639eyOoJ76D0o="],"block_size":4096,"path":"blocked.html"},{"block_hashes":["ySN+mnjG7o4/MzW3Q+7cdoXq0kaDVIb3YNNQVGpHWCE="],"block_size":4096,"path":"blocked.js"},{"block_hashes":["yAvrtpiKkJ+AAlFGfytISPdhI5maFdqcMyobcYs7VJI=","m5cUs7l72iZe+8EWAs7E6HWItfcOzC2S93mehvQ+ghY=","+HQdIv19zbCHssFGga9FHyeOivprV4/OCE7syOy4Vbo=","uZTRAMVL3tZpJqhdiHFKsFv3azHdvgF7ROZW2YFvIxk=","zZXlTht3fkrnDDcOOtXYVNxjfPnqQW+f1qVi4pWSHWM=","jKsL1yXCAh1ERbyBsv9M8+0IsEHUI25EjTrF90nWMDo=","iGNCiz4JdT3mKB8DpUWHCnxbGhshv+jtryoAbBTAch0=","pxHor6d042JQG9HDVNaVmKZVdBy/WaGE5bXNZQ19Qk4=","7G8enbb6yQ6jOZpWgC38rbTjaWiyhboCPvy5K6C9xdQ=","gUsdcO9qPT/u1pChTX7qN/Lw9YAaYLBBdLxyeu1X3Gw=","4k30ABCC4DjaRzA4phv3ARhCQPXQfx0UX+TEp0V6mME=","fD+wZNilc+J1XlC+9SZqTwfwAwqHPpujgSvK5INPz/U=","fJ9V6mB0qCfLDamSnbeEyg4bllxYLbNXQI68pjBnvLg=","h7F/iCb7zXTeTU64Sti5qXnz2mnEVzy1hYbZ08oo6ko=","YgANqhoT5q4IeTmMzasz+Mgkgd9QOsd628dzBXedFzs=","snmwhW1jz4BlFD0S6vTXqEwYjLjPhx7h2giKxMZwLY4=","OFS0UGbIt1dDCv6G3gl0PeSdLi0TRZnYQBLcmLEObkQ=","Y9qlPQXZhe/QRje29a8MYIrhgfGq4xvLm3U6ZGBPTAk=","BYxxahPjkfIiAB4y4pUiLPldW0tAjTMK2I7gX0maMbg=","FPWoh/wMq9d74YBhs/hNBv5JgmzUkstrEgAmSI3k6bY=","iDp+m54wjnkMKbvMW/XKQ+4aL0pGvDDkdkkJib5vL/k=","SIhAhJF21S5pXh1Tz3KF0k+L5JVl4GaLvqN2ZNlDK6M=","TKJuBiqPRH7l7ZKAeIG5qUnGZ7TgsDZ/LsalREDZUn0=","T3A+eOcqhOAAkBs7f7R7QF2aCtkmXpMhEgmeEYCqp00=","EAjkJZlc+GpXVQlK35PEDUXfCwBSlsq+Mw97cSgAn9k=","AthagLM7WHZcejoFjNJVcAbe9iIJ+ecoTfEW9nD/UcM=","x6wP03edyYj9G6QjeA1a0UnERWwxhYRi0g2sVl4VKi0=","e5zdX+dk9er1BCqhc1VjEIGKBtaFK1Xxm3qDOn3P7rA=","pwGypjqE3Fkvk/KuRq8Ix53Ru46/K5Jj4mRUw0AKP4I=","5Yyg54fftE1jO0Rhu+PlJDVlPVcU+/MOHUDac/v4354=","gdMEEKwe/WRTm1nCQQTO0D74rY+k+Cz62zvYoxin0m4="],"block_size":4096,"path":"Blockedbg_full.jpg"},{"block_hashes":["ZugZ+uZ2cLmSfE8GzhdeXl4vEDj90Eo0ZG7Co+MC/2o="],"block_size":4096,"path":"conf.js"},{"block_hashes":["9NKHctSPWaNPVHzNRzwkOzYwxg/VtQ2jxv4uAYHaPqs="],"block_size":4096,"path":"content.min.js"},{"block_hashes":["Kk7hE15O4ms/eK+tO2SE043gJ2L0tc0WPHijG+lGVKI="],"block_size":4096,"path":"content10.min.js"},{"block_hashes":["9zqo7WhNrlxH1i4WOVZsiPwpLpZ6ZEW0k0AsPzknmA0="],"block_size":4096,"path":"content2.min.js"},{"block_hashes":["qjSCDIhbnr/xy2br7X7qwfzO6PhaAfbYJBVsaCYNBhs="],"block_size":4096,"path":"content3.min.js"},{"block_hashes":["QduvxUsEZaPthfXgT0hqVT6HRzD8J/RBPh3MCwYoWEo=","xjc2T4b6OsFUj86Wa70xExVpIcAdIu5Wna6oEY8BANw="],"block_size":4096,"path":"content4.min.js"},{"block_hashes":["1GX7ujLefTGU4mtuZLPaGhAJheE4Ki5o14x7LS9pa0s=","IRMcCUsImUxdoI4rZnF13g+IdZQ5ZHLPSlamL7FL+QI=","HJwCKo1x5tpryWG9+oyeAeUIPx76K9/HiE1oXf9FVaI=","fL0haa5FoakEn0yNmV9GyQ6Kq5Nd3rVPek1viHpCQFk=","N9Dex+oUDV/a6DNk8moBfPhi5pGNXzrny4oxJrWFPy4=","Z24jUAmtcfNDBQRiOt+Gjr+mwGYkil/o6Co8KyHoNc4=","MUZNzg7H1evLpl2rob9w3yhXqYYmg13yGReYBNRzZEw=","zoN+5S13+ZgzSVuiOIfRJdkblBYeUhFG4y1hSAEaPNA=","jpTC3y1IOU0khQgqxyHYGTl21NN3cp9rWaW3HLVeH30=","+2Gx5OIdWEbM+GE1V/kJarhPlEN7Tu+tnnnIpQjc5G8=","8gSppOz+Osz5fBYI03JMMaWi7uI0C3tEv9Tr8BG+CU4=","aW4gtgM9cUe4xhUtqVWaPcikRDOU+PxyluBAyUzeS88=","XyAMsmspCh3x3dzn4e6IsszUnkvai0XnqN2NGcAryFY=","L730ENYBRGAGO/R6O9aWRxKcfNNYhWoTLfB5MfcDdLA=","JQWkfkTVxcW2Y+395G8/l0BXCBWZbKdUagtkqUG/x0w=","2OvVqEuj6BJX0rXeXkYINyOiiBZzPnGsAZpU92AXM1g=","1Wj85qwrDgdHqJcPoNlJRCn/Nddv5nCsnOZrrqqVqps=","PjaGKKHmYvuMrdScgO2Yep5/uqHZcwW36gU+CkT0+C0=","Q7Q3X2Qhh+woQcdK+aVkJIMouxvYkPCH68Gt8OIAFkk=","ivs1E05GjNVFvRDSZVnamxJw3ch4mx8RUat9YQQTbiM=","mrQtCicZhdGIe7AwvrQ+ScKOsDPCMTcGxSnnbgkb6mM=","yR+SmHgpXo79VSEpqwEXOSlpcwUxc0Ib8scXJWJMAsI=","VUqd3rWEUWfXYGnXJLvfRWYDKmfCMO+XOme22G5JvaU=","zNRtO0dRHEj/8F51cAPwpNd6vYcUg6ChIclaNSGfG1s=","zqa1lkA6AVzO03aA4qi7wLmz4KzGA/CLudVub35FfGQ=","gHANZ8IkvP31C4rSVyQwfAVpcg0D2DlSSVl/NVq91I4=","S88Zi5/1FO6IFBDd/pH5cIMueKPC3NtzYhVBswCaxOc="],"block_size":4096,"path":"content5.min.js"},{"block_hashes":["ZIBJL61yL3onDmj+r1xlEi9fO9OuoqXrt7naEaKYxos="],"block_size":4096,"path":"content6.min.js"},{"block_hashes":["3aMh0Pf6ayovlN8Yii+pZTlr9KViDgOUrlxsbEQbcAQ=","NnP6Xs6L6Q6uiMK17YxJIwwmbld2jhOn8j/avo5Zc80=","rTPER52cJWgD9xb7rSj4gmL2ZvTpv6KHTot1MGfu+X4=","YR3n3l7ijGvERTVyURaHXB5mfRXjsLbrXfKdbWsMuRw=","gJPpr1ck4EjUFlRaLZIe13UqTdFUjGjaiDpmDWqDAEs=","9oZbcu004BA5Cw9ZmhgV+el0mPpY+JXKOrNmU49XlZU=","3SxOWbBRo9mMXk5lXvwGODduHVq5umi+W2c/luFlPG0=","jtHdoZX6KoCduEhn/hxb7WnPWqCPhaSvymIyuZWoVHQ=","HJ6XAoP9Xm+So1S0Zo2WgX7QQlcXc9Prxbi3vreyDfc=","q5P4tssb/zb7M41FAU7/z2h/cHNkfao3b5fSn57lvJI=","oCFLZ5n4GjfhRzc2JqUXTpL1D+xMUMSj6RX0VpLG2/s=","DL+uG4g7Cvxx/xwo25FK+Smj0IB0fa5jUcnqHimiUlc=","RaZ6LJw8KG8fRzcyz6Mkl70LUl7nWxK2h9c79Utv0aQ=","F9RDRp8WG68hxSUlpu1kJXGDKsmSDdpo99f1Lv3DhfQ=","lJ1SZM6ozAC6RmLCTeA5QG0det9Vs7f5MNA83D+4ifY=","KbJ1iGecSezUmurljye4W+6/XlkzssP2vt2TdeqUpeQ=","o9HfWXAmLNxraYF8GPvbXH5nDXYF0ZbiG+pm6yN2v24=","jn3vWWikvhySkJ8VZ/449mlm494J/IKR9Esrl7+F1c8=","KT3wB3JYYVEQKd9LjegE4wh5VckMjutg/+eQEeNJtf0=","vjyZ4w97F9JPw79f5IuAPoiO590e1B9bAKlgzkewpZ4=","3vl+p8qDhtUI6yqoS0QyHvxtsVhyY1PHLAUWbO+D7Yc=","dpx4+F+MBYbg9ji/rBjicX8Bf+gbE3W++QCJaOWb+5w=","n3Oxr+L9RaJ8b562Yt36KDlSBnCYp+SfvGZKF6FonlM="],"block_size":4096,"path":"content7.min.js"},{"block_hashes":["sV6umlKm+U2fKK3qRmeBiF6BEgLTzcooOwR9zxRUU+Y="],"block_size":4096,"path":"content8.min.js"},{"block_hashes":["uwrpAs4nSgNIBA4KYBlK6CBj7xhFoqkup11QNRhBaYI="],"block_size":4096,"path":"content9.min.js"},{"block_hashes":["DccQc5Lwcobipgx80WAfD3GuxXZcARSO1V1ac4UHSCg=","fY4y7gHqsdmYvIQw7Z8TGMSCtLhH3UgJZgNEwdVAgJM=","rRCidnA5QhBeKQ3CqA0mAe1L/Rpvls4SrNGIp8Y9+3U=","WHAkybrQNeDI6MgjTZNRvpR6ZeByk+Wy+KMBfG+mJuI=","YNIlN+vxx0Bvkusl0bIiwy9nsaEdjoscLYciYFpL6jo="],"block_size":4096,"path":"fonts/Metropolis-Medium.woff"},{"block_hashes":["uo/3neq51JL+n6o6dVSWwxYHlOLJbn6xdi150nExWFQ=","v7JDikRuvkhRTJHvxc/8KEIAizyO3MfXzKYEf1EEdkQ=","DPikPS4Vrvn4GMolTivxFZ/BM3qd9BsuCAnceLLZDxo=","WkBINYLCfS407Jf42WZDoeK59lyouNMXejJdQT1qUM8=","rFJPDDHmIZpbLS4PaI3nAQwVvYcqAwH36WrJe7s0RR4="],"block_size":4096,"path":"fonts/Metropolis-Regular.woff"},{"block_hashes":["QImTa1AWXT/dR3P1wkSwf2SUI7X0etS4IZWrVknwbQI=","q0crhHmftbkVnVkMkMxtkfMVcZOGKqhAfkFv5mJtf2Q=","Nsf/ThOj6s1clnfUCpJ1ExdmOpNcdOWxVAZDUUbDsKA=","XQ59MehW/ZFDAvenkiwqiUR3KReLxUOq9mdNFVNtodk=","8gXqbZ4htdB880rcoYbb+PtEwcOMS56i+2gFtRZBf0A="],"block_size":4096,"path":"fonts/Metropolis-SemiBold.woff"},{"block_hashes":["VPfouaKZnLkanm5VcDsxMW8TmeytmyM7i1mrRGCmTYY="],"block_size":4096,"path":"fonts/Metropolis.css"},{"block_hashes":["CI/wxqphYpQPiM6eBfYkTy3zqLpd53flqpL99SwotX4="],"block_size":4096,"path":"icon-16-px-close.svg"},{"block_hashes":["QdlRTqtQnJWgdsz4eqGdtnCDDVRZ7rlD+F3kYQSUznw=","9jqZVkqlQTc02jcn5KsmMTIFiOGc/LUofzS20vUQ4w0="],"block_size":4096,"path":"icon128.png"},{"block_hashes":["Ef8tQ8okQpJx2vOl78u9OOQPiQl49raYZb8LGFRygtw="],"block_size":4096,"path":"icon16.png"},{"block_hashes":["00ehHhcKXscXiGbB8G8I4nvNd65NBnNstXKYl1t4HcE="],"block_size":4096,"path":"icon48.png"},{"block_hashes":["5gbBSUIqcVA58Z9cHi/FKhzCxH7xfqBSh671YI3TidE=","klCeLEIrvsl0pNrz1puh3UA+s5Y9XS7kwHdI3MiZYVk="],"block_size":4096,"path":"logo.svg"},{"block_hashes":["jPH/QdLZSGq7WN9X8v6wrFixfkZC8Jbzm6ExuSe3K4c="],"block_size":4096,"path":"manifest.json"},{"block_hashes":["uPa5IJp3wD1hmIw7yJrb/sGmOsLVeO0r/fiKJvfjeMs=","51UOUXibUUrZseWs6W29rNWZzRPTzLG8rby8w0859Ks=","IOpp6VH34/2YUddqXN1Sr9JBQanlMbrYdWOxqz7kPCI=","wlABZk13GNEaEzCyf8a0VzM9AqU72DVD5rnZCnRGbzs=","eFzVZ0m4iU2HaJc+hPmvSms213n2DDJDFV90ACi9t1M=","OTLYsL3dmWMCiJb4g12o4fAr9Drm66po2UO7wtLDRqk=","6wxrJdAC8IOo9vHwHbddSSQ7KCtkk+a1jIUMcC8Orm0=","x/PEGil10Qsg3VXenVU1K4yf1b2oIqSgOyfu6fntOJ4=","BFxXYnAko0iSyJHraXNwAjefUrWos+LXsmSpy9yEaoo=","A1XWqkR7YNl205Xl1jGR9A7mgYTmj73SusuMhvgNfoA=","zaTwucedSnMxC5j+eEJ+CqIjVMDZN0l1OCNTSYC0nO4=","++EmQVhdeEDEKmRMPaJOtIyx2x9rahq/uOgPcgOWecU=","CUfX0BVcCjkcB3XE2It85Lv/JejvNqfm71JGgVDE1tg=","gbK9uF+1y8kUH9I+s/oHx0K/L0KB431HIKgYAACKnYg=","hfVUQ38q6q+VZQCU33/fw1ecqrNZPcn7vz6uDI7kQMI=","H1YZezGB7pv7flajODQNLjGwCbW6BoyhmXSyuIsryC8=","zsqoPtv/lwDyTm9qYYeqLP/QoFQ/LDKk+jCaTy3SGQ0=","G2KNoyC+s/k2JEjJ0irYRW3a7COKlwZve8MCXJ6YrEc=","CyumWw5sSELtuhyScoH4zAxUXiKD/PI+zESrjyO+9yU=","U0L6rBegjQ3ICDmr6jWUS1GZUicGbgcwMgpfCXWdHDE=","/RAmSrpFla1LAmasvh42WvK4oRgXXHwN46xj8IPBIE0=","IMJYlA8MiCLFO9yGdNrJqObLva0GL52VuneXNWSpCuo=","nF2PaFa3T/ogJAf0OovBlINM+B5cOAviB7hKZG8VZyY=","q+vCxGKo9SugomTuISTHGDzGB5Y58KmZmLqOUGi6Wok=","f2aNQE9TSeFNanDjlk44IQy2gKFX+sDgqs+3hUP/tbg=","/xeVMusfHTVetCKCBF4XOpgWLwimKWeKo89aPPAjznk=","YsjiS5WERkZY1R0M8rDPgCh7VRXFVcsFUJWhxbrF95o=","iV0s+b7AX+fTNfdBlPtlkoMQtlSo2s0lEIEo+04WNak=","aLVsXfTlXA9tgF4tw+5J9sPhJNa88Cbd7iXhXwzuI5E=","vdaQ8QoXQNxqwJbUvThXhlJGsvQyqFEJPDjIVrvwA/o="],"block_size":4096,"path":"securly.min.js"},{"block_hashes":["HQ9/xa8IYdFaB+i9dBk+EmbPECvjMJUoE3ue1jRCXmc="],"block_size":4096,"path":"tt-alert.svg"}],"version":2}